name,mutation_pdb,mutation_fasta,mutation_msa,DG,DDG,RSA,sec_str,LOR,RSA*LOR
2zw1_A_0-56_V55S,MA1Q,M1Q,M1Q,-2.1342,0.7616,79.12,X,4.4988,0.9392
2zw1_A_0-56_V55S,MA1E,M1E,M1E,-1.8641,1.0317,79.12,X,4.4988,0.9392
2zw1_A_0-56_V55S,MA1N,M1N,M1N,-2.2009,0.6948,79.12,X,4.4988,0.9392
2zw1_A_0-56_V55S,MA1H,M1H,M1H,-2.2768,0.619,79.12,X,4.4988,0.9392
2zw1_A_0-56_V55S,MA1D,M1D,M1D,-1.508,1.3878,79.12,X,4.4988,0.9392
2zw1_A_0-56_V55S,MA1R,M1R,M1R,-2.5146,0.3812,79.12,X,4.4988,0.9392
2zw1_A_0-56_V55S,MA1K,M1K,M1K,-2.8595,0.0363,79.12,X,4.4988,0.9392
2zw1_A_0-56_V55S,MA1T,M1T,M1T,-2.6133,0.2825,79.12,X,4.4988,0.9392
2zw1_A_0-56_V55S,MA1S,M1S,M1S,-2.2095,0.6863,79.12,X,4.4988,0.9392
2zw1_A_0-56_V55S,MA1A,M1A,M1A,-2.0896,0.8062,79.12,X,4.4988,0.9392
2zw1_A_0-56_V55S,MA1G,M1G,M1G,-2.242,0.6538,79.12,X,4.4988,0.9392
2zw1_A_0-56_V55S,MA1L,M1L,M1L,-2.9816,-0.0858,79.12,X,4.4988,0.9392
2zw1_A_0-56_V55S,MA1V,M1V,M1V,-2.641,0.2548,79.12,X,4.4988,0.9392
2zw1_A_0-56_V55S,MA1I,M1I,M1I,-2.4011,0.4947,79.12,X,4.4988,0.9392
2zw1_A_0-56_V55S,MA1W,M1W,M1W,-2.9588,-0.063,79.12,X,4.4988,0.9392
2zw1_A_0-56_V55S,MA1Y,M1Y,M1Y,-2.8913,0.0045,79.12,X,4.4988,0.9392
2zw1_A_0-56_V55S,MA1F,M1F,M1F,-2.7545,0.1413,79.12,X,4.4988,0.9392
2zw1_A_0-56_V55S,MA1P,M1P,M1P,-2.2495,0.6462,79.12,X,4.4988,0.9392
2zw1_A_0-56_V55S,MA1C,M1C,M1C,-2.8265,0.0693,79.12,X,4.4988,0.9392
2zw1_A_0-56_V55S,DA2Q,D2Q,D2Q,-3.3491,-0.4533,31.71,B,0.6134,0.4188
2zw1_A_0-56_V55S,DA2E,D2E,D2E,-3.0963,-0.2006,31.71,B,5.0178,3.4264
2zw1_A_0-56_V55S,DA2N,D2N,D2N,-3.2437,-0.3479,31.71,B,5.0178,3.4264
2zw1_A_0-56_V55S,DA2H,D2H,D2H,-3.4067,-0.5109,31.71,B,5.0178,3.4264
2zw1_A_0-56_V55S,DA2R,D2R,D2R,-2.691,0.2047,31.71,B,5.0178,3.4264
2zw1_A_0-56_V55S,DA2K,D2K,D2K,-3.1191,-0.2233,31.71,B,5.0178,3.4264
2zw1_A_0-56_V55S,DA2T,D2T,D2T,-3.1889,-0.2931,31.71,B,-1.3693,-0.935
2zw1_A_0-56_V55S,DA2S,D2S,D2S,-3.2241,-0.3283,31.71,B,5.0178,3.4264
2zw1_A_0-56_V55S,DA2A,D2A,D2A,-3.0124,-0.1166,31.71,B,1.9907,1.3594
2zw1_A_0-56_V55S,DA2G,D2G,D2G,-2.349,0.5468,31.71,B,5.0178,3.4264
2zw1_A_0-56_V55S,DA2M,D2M,D2M,-3.0531,-0.1573,31.71,B,5.0178,3.4264
2zw1_A_0-56_V55S,DA2L,D2L,D2L,-2.7709,0.1249,31.71,B,5.0178,3.4264
2zw1_A_0-56_V55S,DA2V,D2V,D2V,-2.85,0.0458,31.71,B,5.0178,3.4264
2zw1_A_0-56_V55S,DA2I,D2I,D2I,-3.0327,-0.1369,31.71,B,5.0178,3.4264
2zw1_A_0-56_V55S,DA2W,D2W,D2W,-2.843,0.0528,31.71,B,5.0178,3.4264
2zw1_A_0-56_V55S,DA2Y,D2Y,D2Y,-3.202,-0.3062,31.71,B,5.0178,3.4264
2zw1_A_0-56_V55S,DA2F,D2F,D2F,-3.1686,-0.2728,31.71,B,5.0178,3.4264
2zw1_A_0-56_V55S,DA2P,D2P,D2P,-1.8926,1.0032,31.71,B,5.0178,3.4264
2zw1_A_0-56_V55S,DA2C,D2C,D2C,-3.1959,-0.3001,31.71,B,5.0178,3.4264
2zw1_A_0-56_V55S,TA3Q,T3Q,T3Q,-2.2004,0.6954,53.17,B,5.1549,2.4141
2zw1_A_0-56_V55S,TA3E,T3E,T3E,-2.1546,0.7412,53.17,B,6.6626,3.1202
2zw1_A_0-56_V55S,TA3N,T3N,T3N,-1.5102,1.3856,53.17,B,7.8965,3.698
2zw1_A_0-56_V55S,TA3H,T3H,T3H,-1.91,0.9857,53.17,B,7.8965,3.698
2zw1_A_0-56_V55S,TA3D,T3D,T3D,-1.0778,1.818,53.17,B,7.8965,3.698
2zw1_A_0-56_V55S,TA3R,T3R,T3R,-2.3625,0.5332,53.17,B,7.8965,3.698
2zw1_A_0-56_V55S,TA3K,T3K,T3K,-2.2496,0.6462,53.17,B,7.8965,3.698
2zw1_A_0-56_V55S,TA3S,T3S,T3S,-1.8911,1.0047,53.17,B,4.2962,2.0119
2zw1_A_0-56_V55S,TA3A,T3A,T3A,-1.4305,1.4653,53.17,B,7.8965,3.698
2zw1_A_0-56_V55S,TA3G,T3G,T3G,-0.8254,2.0704,53.17,B,7.8965,3.698
2zw1_A_0-56_V55S,TA3M,T3M,T3M,-2.3741,0.5217,53.17,B,7.8965,3.698
2zw1_A_0-56_V55S,TA3L,T3L,T3L,-2.7472,0.1486,53.17,B,7.8965,3.698
2zw1_A_0-56_V55S,TA3V,T3V,T3V,-2.8619,0.0339,53.17,B,7.8965,3.698
2zw1_A_0-56_V55S,TA3I,T3I,T3I,-2.8407,0.0551,53.17,B,7.8965,3.698
2zw1_A_0-56_V55S,TA3W,T3W,T3W,-2.3366,0.5592,53.17,B,7.8965,3.698
2zw1_A_0-56_V55S,TA3Y,T3Y,T3Y,-1.7867,1.1091,53.17,B,7.8965,3.698
2zw1_A_0-56_V55S,TA3F,T3F,T3F,-1.9654,0.9304,53.17,B,7.8965,3.698
2zw1_A_0-56_V55S,TA3P,T3P,T3P,-0.8605,2.0353,53.17,B,7.8965,3.698
2zw1_A_0-56_V55S,TA3C,T3C,T3C,-2.9395,-0.0438,53.17,B,7.8965,3.698
2zw1_A_0-56_V55S,YA4Q,Y4Q,Y4Q,-0.439,2.4568,4.94,B,8.3538,7.941
2zw1_A_0-56_V55S,YA4E,Y4E,Y4E,-0.399,2.4968,4.94,B,8.3538,7.941
2zw1_A_0-56_V55S,YA4N,Y4N,Y4N,-0.5956,2.3001,4.94,B,8.3538,7.941
2zw1_A_0-56_V55S,YA4H,Y4H,Y4H,-0.7403,2.1555,4.94,B,8.3538,7.941
2zw1_A_0-56_V55S,YA4D,Y4D,Y4D,-0.5105,2.3853,4.94,B,8.3538,7.941
2zw1_A_0-56_V55S,YA4R,Y4R,Y4R,-0.387,2.5088,4.94,B,8.3538,7.941
2zw1_A_0-56_V55S,YA4K,Y4K,Y4K,-0.4461,2.4497,4.94,B,8.3538,7.941
2zw1_A_0-56_V55S,YA4T,Y4T,Y4T,-0.5566,2.3392,4.94,B,8.3538,7.941
2zw1_A_0-56_V55S,YA4S,Y4S,Y4S,-0.6733,2.2224,4.94,B,8.3538,7.941
2zw1_A_0-56_V55S,YA4A,Y4A,Y4A,-0.3803,2.5155,4.94,B,8.3538,7.941
2zw1_A_0-56_V55S,YA4G,Y4G,Y4G,-0.5757,2.3201,4.94,B,8.3538,7.941
2zw1_A_0-56_V55S,YA4M,Y4M,Y4M,-0.4097,2.4861,4.94,B,8.3538,7.941
2zw1_A_0-56_V55S,YA4L,Y4L,Y4L,-0.6457,2.2501,4.94,B,8.3538,7.941
2zw1_A_0-56_V55S,YA4V,Y4V,Y4V,-0.4502,2.4456,4.94,B,3.9494,3.7542
2zw1_A_0-56_V55S,YA4I,Y4I,Y4I,-0.5085,2.3873,4.94,B,8.3538,7.941
2zw1_A_0-56_V55S,YA4W,Y4W,Y4W,-1.2396,1.6562,4.94,B,8.3538,7.941
2zw1_A_0-56_V55S,YA4F,Y4F,Y4F,-2.343,0.5528,4.94,B,3.5526,3.377
2zw1_A_0-56_V55S,YA4P,Y4P,Y4P,-0.4293,2.4665,4.94,B,8.3538,7.941
2zw1_A_0-56_V55S,YA4C,Y4C,Y4C,-1.1315,1.7643,4.94,B,8.3538,7.941
2zw1_A_0-56_V55S,KA5Q,K5Q,K5Q,-1.3495,1.5463,32.5,B,7.773,5.2471
2zw1_A_0-56_V55S,KA5E,K5E,K5E,-0.6523,2.2435,32.5,B,7.773,5.2471
2zw1_A_0-56_V55S,KA5N,K5N,K5N,-1.6133,1.2825,32.5,B,7.773,5.2471
2zw1_A_0-56_V55S,KA5H,K5H,K5H,-2.7189,0.1769,32.5,B,3.3686,2.2739
2zw1_A_0-56_V55S,KA5D,K5D,K5D,-0.7201,2.1757,32.5,B,7.773,5.2471
2zw1_A_0-56_V55S,KA5R,K5R,K5R,-3.053,-0.1572,32.5,B,4.9588,3.3474
2zw1_A_0-56_V55S,KA5T,K5T,K5T,-3.1316,-0.2358,32.5,B,4.0682,2.7462
2zw1_A_0-56_V55S,KA5S,K5S,K5S,-1.6614,1.2344,32.5,B,7.773,5.2471
2zw1_A_0-56_V55S,KA5A,K5A,K5A,-1.3111,1.5847,32.5,B,4.0682,2.7462
2zw1_A_0-56_V55S,KA5G,K5G,K5G,-0.7578,2.138,32.5,B,7.773,5.2471
2zw1_A_0-56_V55S,KA5M,K5M,K5M,-1.8838,1.012,32.5,B,7.773,5.2471
2zw1_A_0-56_V55S,KA5L,K5L,K5L,-1.9955,0.9003,32.5,B,7.773,5.2471
2zw1_A_0-56_V55S,KA5V,K5V,K5V,-2.4042,0.4916,32.5,B,7.773,5.2471
2zw1_A_0-56_V55S,KA5I,K5I,K5I,-2.6784,0.2174,32.5,B,7.773,5.2471
2zw1_A_0-56_V55S,KA5W,K5W,K5W,-2.3399,0.5559,32.5,B,7.773,5.2471
2zw1_A_0-56_V55S,KA5Y,K5Y,K5Y,-3.0645,-0.1688,32.5,B,1.8692,1.2618
2zw1_A_0-56_V55S,KA5F,K5F,K5F,-2.8232,0.0726,32.5,B,7.773,5.2471
2zw1_A_0-56_V55S,KA5P,K5P,K5P,-0.474,2.4218,32.5,B,7.773,5.2471
2zw1_A_0-56_V55S,KA5C,K5C,K5C,-2.164,0.7318,32.5,B,7.773,5.2471
2zw1_A_0-56_V55S,LA6Q,L6Q,L6Q,-0.0956,2.8002,0,B,7.794,7.794
2zw1_A_0-56_V55S,LA6E,L6E,L6E,-0.6695,2.2262,0,B,7.794,7.794
2zw1_A_0-56_V55S,LA6N,L6N,L6N,-0.3018,2.594,0,B,7.794,7.794
2zw1_A_0-56_V55S,LA6H,L6H,L6H,-0.2636,2.6322,0,B,7.794,7.794
2zw1_A_0-56_V55S,LA6D,L6D,L6D,-0.6269,2.2689,0,B,7.794,7.794
2zw1_A_0-56_V55S,LA6R,L6R,L6R,0.4102,3.306,0,B,7.794,7.794
2zw1_A_0-56_V55S,LA6K,L6K,L6K,-0.1559,2.7399,0,B,7.794,7.794
2zw1_A_0-56_V55S,LA6T,L6T,L6T,-0.2856,2.6102,0,B,7.794,7.794
2zw1_A_0-56_V55S,LA6S,L6S,L6S,-0.3291,2.5667,0,B,7.794,7.794
2zw1_A_0-56_V55S,LA6A,L6A,L6A,-0.7542,2.1416,0,B,7.794,7.794
2zw1_A_0-56_V55S,LA6G,L6G,L6G,-0.3217,2.5741,0,B,7.794,7.794
2zw1_A_0-56_V55S,LA6M,L6M,L6M,-1.3154,1.5804,0,B,7.794,7.794
2zw1_A_0-56_V55S,LA6V,L6V,L6V,-0.9883,1.9075,0,B,6.0735,6.0735
2zw1_A_0-56_V55S,LA6I,L6I,L6I,-0.7341,2.1617,0,B,2.969,2.969
2zw1_A_0-56_V55S,LA6W,L6W,L6W,-1.405,1.4908,0,B,7.794,7.794
2zw1_A_0-56_V55S,LA6Y,L6Y,L6Y,-0.9359,1.9599,0,B,2.6636,2.6636
2zw1_A_0-56_V55S,LA6F,L6F,L6F,-2.1878,0.708,0,B,2.2194,2.2194
2zw1_A_0-56_V55S,LA6P,L6P,L6P,-0.3644,2.5314,0,B,7.794,7.794
2zw1_A_0-56_V55S,LA6C,L6C,L6C,-2.3977,0.4981,0,B,7.794,7.794
2zw1_A_0-56_V55S,IA7Q,I7Q,I7Q,-1.2437,1.6521,20.23,B,6.8362,5.4533
2zw1_A_0-56_V55S,IA7E,I7E,I7E,-0.9846,1.9112,20.23,B,6.8362,5.4533
2zw1_A_0-56_V55S,IA7N,I7N,I7N,-0.8098,2.086,20.23,B,6.8362,5.4533
2zw1_A_0-56_V55S,IA7H,I7H,I7H,-1.1724,1.7234,20.23,B,6.8362,5.4533
2zw1_A_0-56_V55S,IA7D,I7D,I7D,-0.5752,2.3206,20.23,B,6.8362,5.4533
2zw1_A_0-56_V55S,IA7R,I7R,I7R,-1.4344,1.4614,20.23,B,6.8362,5.4533
2zw1_A_0-56_V55S,IA7K,I7K,I7K,-1.5659,1.3299,20.23,B,6.8362,5.4533
2zw1_A_0-56_V55S,IA7T,I7T,I7T,-1.0403,1.8555,20.23,B,0.9821,0.7834
2zw1_A_0-56_V55S,IA7S,I7S,I7S,-0.9035,1.9923,20.23,B,6.8362,5.4533
2zw1_A_0-56_V55S,IA7A,I7A,I7A,-0.7963,2.0994,20.23,B,1.6896,1.3478
2zw1_A_0-56_V55S,IA7G,I7G,I7G,-0.2328,2.663,20.23,B,6.8362,5.4533
2zw1_A_0-56_V55S,IA7M,I7M,I7M,-1.5883,1.3075,20.23,B,6.8362,5.4533
2zw1_A_0-56_V55S,IA7L,I7L,I7L,-1.8395,1.0563,20.23,B,6.8362,5.4533
2zw1_A_0-56_V55S,IA7V,I7V,I7V,-2.5742,0.3216,20.23,B,-0.1565,-0.1249
2zw1_A_0-56_V55S,IA7W,I7W,I7W,-0.9601,1.9357,20.23,B,6.8362,5.4533
2zw1_A_0-56_V55S,IA7Y,I7Y,I7Y,-1.6881,1.2077,20.23,B,6.8362,5.4533
2zw1_A_0-56_V55S,IA7F,I7F,I7F,-1.8222,1.0736,20.23,B,3.1314,2.4979
2zw1_A_0-56_V55S,IA7P,I7P,I7P,0.1256,3.0214,20.23,B,6.8362,5.4533
2zw1_A_0-56_V55S,IA7C,I7C,I7C,-1.949,0.9468,20.23,B,6.8362,5.4533
2zw1_A_0-56_V55S,LA8Q,L8Q,L8Q,-0.1272,2.7686,2.4,B,0.1832,0.1788
2zw1_A_0-56_V55S,LA8E,L8E,L8E,-0.3116,2.5842,2.4,B,6.4336,6.279
2zw1_A_0-56_V55S,LA8N,L8N,L8N,0.3789,3.2747,2.4,B,6.4336,6.279
2zw1_A_0-56_V55S,LA8H,L8H,L8H,-0.7866,2.1092,2.4,B,6.4336,6.279
2zw1_A_0-56_V55S,LA8D,L8D,L8D,-0.0224,2.8734,2.4,B,6.4336,6.279
2zw1_A_0-56_V55S,LA8T,L8T,L8T,-1.0454,1.8504,2.4,B,6.4336,6.279
2zw1_A_0-56_V55S,LA8S,L8S,L8S,-0.3121,2.5836,2.4,B,6.4336,6.279
2zw1_A_0-56_V55S,LA8A,L8A,L8A,-0.4409,2.4549,2.4,B,6.4336,6.279
2zw1_A_0-56_V55S,LA8G,L8G,L8G,-0.1521,2.7437,2.4,B,6.4336,6.279
2zw1_A_0-56_V55S,LA8M,L8M,L8M,-2.5674,0.3284,2.4,B,6.4336,6.279
2zw1_A_0-56_V55S,LA8V,L8V,L8V,-2.0834,0.8123,2.4,B,0.0877,0.0856
2zw1_A_0-56_V55S,LA8I,L8I,L8I,-2.8592,0.0366,2.4,B,0.3629,0.3541
2zw1_A_0-56_V55S,LA8W,L8W,L8W,-2.5251,0.3707,2.4,B,6.4336,6.279
2zw1_A_0-56_V55S,LA8Y,L8Y,L8Y,-2.5937,0.3021,2.4,B,6.4336,6.279
2zw1_A_0-56_V55S,LA8F,L8F,L8F,-2.6171,0.2787,2.4,B,6.4336,6.279
2zw1_A_0-56_V55S,LA8C,L8C,L8C,-2.2901,0.6057,2.4,B,6.4336,6.279
2zw1_A_0-56_V55S,NA9Q,N9Q,N9Q,-2.4148,0.481,41.33,B,4.4017,2.5827
2zw1_A_0-56_V55S,NA9E,N9E,N9E,-2.3155,0.5803,41.33,B,7.7072,4.5222
2zw1_A_0-56_V55S,NA9H,N9H,N9H,-2.4636,0.4322,41.33,B,7.7072,4.5222
2zw1_A_0-56_V55S,NA9D,N9D,N9D,-2.6273,0.2685,41.33,B,7.7072,4.5222
2zw1_A_0-56_V55S,NA9R,N9R,N9R,-2.6291,0.2667,41.33,B,2.7711,1.6259
2zw1_A_0-56_V55S,NA9K,N9K,N9K,-2.5184,0.3774,41.33,B,1.3958,0.819
2zw1_A_0-56_V55S,NA9T,N9T,N9T,-2.0967,0.7991,41.33,B,7.7072,4.5222
2zw1_A_0-56_V55S,NA9S,N9S,N9S,-2.2717,0.6241,41.33,B,7.7072,4.5222
2zw1_A_0-56_V55S,NA9A,N9A,N9A,-2.1561,0.7396,41.33,B,7.7072,4.5222
2zw1_A_0-56_V55S,NA9G,N9G,N9G,-1.177,1.7187,41.33,B,7.7072,4.5222
2zw1_A_0-56_V55S,NA9M,N9M,N9M,-2.7202,0.1756,41.33,B,7.7072,4.5222
2zw1_A_0-56_V55S,NA9L,N9L,N9L,-3.0292,-0.1334,41.33,B,7.7072,4.5222
2zw1_A_0-56_V55S,NA9V,N9V,N9V,-3.0235,-0.1277,41.33,B,3.0054,1.7634
2zw1_A_0-56_V55S,NA9I,N9I,N9I,-3.4277,-0.532,41.33,B,7.7072,4.5222
2zw1_A_0-56_V55S,NA9W,N9W,N9W,-2.9024,-0.0066,41.33,B,7.7072,4.5222
2zw1_A_0-56_V55S,NA9Y,N9Y,N9Y,-2.8932,0.0026,41.33,B,7.7072,4.5222
2zw1_A_0-56_V55S,NA9F,N9F,N9F,-2.6988,0.197,41.33,B,7.7072,4.5222
2zw1_A_0-56_V55S,NA9P,N9P,N9P,-0.527,2.3687,41.33,B,7.7072,4.5222
2zw1_A_0-56_V55S,NA9C,N9C,N9C,-3.3329,-0.4372,41.33,B,7.7072,4.5222
2zw1_A_0-56_V55S,GA10Q,G10Q,G10Q,-1.1256,1.7702,1.16,X,7.1504,7.0674
2zw1_A_0-56_V55S,GA10E,G10E,G10E,-0.8079,2.0879,1.16,X,7.1504,7.0674
2zw1_A_0-56_V55S,GA10N,G10N,G10N,-1.3575,1.5382,1.16,X,2.746,2.7141
2zw1_A_0-56_V55S,GA10H,G10H,G10H,-3.0001,-0.1043,1.16,X,7.1504,7.0674
2zw1_A_0-56_V55S,GA10D,G10D,G10D,-0.9648,1.931,1.16,X,7.1504,7.0674
2zw1_A_0-56_V55S,GA10R,G10R,G10R,-0.8047,2.0911,1.16,X,7.1504,7.0674
2zw1_A_0-56_V55S,GA10K,G10K,G10K,-0.685,2.2108,1.16,X,7.1504,7.0674
2zw1_A_0-56_V55S,GA10T,G10T,G10T,-2.354,0.5418,1.16,X,0.4853,0.4796
2zw1_A_0-56_V55S,GA10S,G10S,G10S,-2.1425,0.7533,1.16,X,2.746,2.7141
2zw1_A_0-56_V55S,GA10A,G10A,G10A,-1.6772,1.2186,1.16,X,7.1504,7.0674
2zw1_A_0-56_V55S,GA10M,G10M,G10M,-1.992,0.9038,1.16,X,7.1504,7.0674
2zw1_A_0-56_V55S,GA10L,G10L,G10L,-2.1254,0.7704,1.16,X,1.6397,1.6206
2zw1_A_0-56_V55S,GA10V,G10V,G10V,-1.2676,1.6282,1.16,X,7.1504,7.0674
2zw1_A_0-56_V55S,GA10I,G10I,G10I,-1.4139,1.4819,1.16,X,3.4456,3.4056
2zw1_A_0-56_V55S,GA10W,G10W,G10W,-3.2301,-0.3343,1.16,X,7.1504,7.0674
2zw1_A_0-56_V55S,GA10Y,G10Y,G10Y,-2.8646,0.0312,1.16,X,7.1504,7.0674
2zw1_A_0-56_V55S,GA10F,G10F,G10F,-3.2975,-0.4018,1.16,X,7.1504,7.0674
2zw1_A_0-56_V55S,GA10P,G10P,G10P,-0.6014,2.2944,1.16,X,2.746,2.7141
2zw1_A_0-56_V55S,GA10C,G10C,G10C,-2.3842,0.5116,1.16,X,7.1504,7.0674
2zw1_A_0-56_V55S,KA11Q,K11Q,K11Q,-2.7119,0.1839,76.45,X,2.3371,0.5503
2zw1_A_0-56_V55S,KA11E,K11E,K11E,-2.437,0.4587,76.45,X,3.0631,0.7213
2zw1_A_0-56_V55S,KA11N,K11N,K11N,-2.6845,0.2113,76.45,X,1.6864,0.3971
2zw1_A_0-56_V55S,KA11H,K11H,K11H,-2.8895,0.0062,76.45,X,7.4675,1.7585
2zw1_A_0-56_V55S,KA11D,K11D,K11D,-2.2541,0.6417,76.45,X,7.4675,1.7585
2zw1_A_0-56_V55S,KA11R,K11R,K11R,-2.9434,-0.0476,76.45,X,2.5856,0.6089
2zw1_A_0-56_V55S,KA11T,K11T,K11T,-2.8517,0.0441,76.45,X,7.4675,1.7585
2zw1_A_0-56_V55S,KA11S,K11S,K11S,-2.5585,0.3373,76.45,X,3.0631,0.7213
2zw1_A_0-56_V55S,KA11A,K11A,K11A,-2.8155,0.0803,76.45,X,2.5049,0.5899
2zw1_A_0-56_V55S,KA11G,K11G,K11G,-2.1801,0.7157,76.45,X,3.7627,0.8861
2zw1_A_0-56_V55S,KA11M,K11M,K11M,-2.9538,-0.058,76.45,X,7.4675,1.7585
2zw1_A_0-56_V55S,KA11L,K11L,K11L,-3.5754,-0.6796,76.45,X,7.4675,1.7585
2zw1_A_0-56_V55S,KA11V,K11V,K11V,-3.1993,-0.3035,76.45,X,4.6534,1.0958
2zw1_A_0-56_V55S,KA11I,K11I,K11I,-3.3327,-0.4369,76.45,X,7.4675,1.7585
2zw1_A_0-56_V55S,KA11W,K11W,K11W,-2.6369,0.2589,76.45,X,7.4675,1.7585
2zw1_A_0-56_V55S,KA11Y,K11Y,K11Y,-2.6485,0.2473,76.45,X,7.4675,1.7585
2zw1_A_0-56_V55S,KA11F,K11F,K11F,-3.0472,-0.1514,76.45,X,7.4675,1.7585
2zw1_A_0-56_V55S,KA11P,K11P,K11P,-2.7841,0.1117,76.45,X,7.4675,1.7585
2zw1_A_0-56_V55S,KA11C,K11C,K11C,-3.2428,-0.347,76.45,X,7.4675,1.7585
2zw1_A_0-56_V55S,TA12Q,T12Q,T12Q,-2.464,0.4318,65.22,X,2.8524,0.992
2zw1_A_0-56_V55S,TA12E,T12E,T12E,-2.4886,0.4072,65.22,X,7.2568,2.5236
2zw1_A_0-56_V55S,TA12N,T12N,T12N,-2.9568,-0.0611,65.22,X,2.8524,0.992
2zw1_A_0-56_V55S,TA12H,T12H,T12H,-3.063,-0.1672,65.22,X,7.2568,2.5236
2zw1_A_0-56_V55S,TA12D,T12D,T12D,-2.6337,0.2621,65.22,X,1.8843,0.6553
2zw1_A_0-56_V55S,TA12R,T12R,T12R,-2.3513,0.5445,65.22,X,7.2568,2.5236
2zw1_A_0-56_V55S,TA12K,T12K,T12K,-2.5198,0.3759,65.22,X,7.2568,2.5236
2zw1_A_0-56_V55S,TA12S,T12S,T12S,-2.62,0.2758,65.22,X,4.3698,1.5196
2zw1_A_0-56_V55S,TA12A,T12A,T12A,-2.5267,0.3691,65.22,X,7.2568,2.5236
2zw1_A_0-56_V55S,TA12G,T12G,T12G,-2.3,0.5958,65.22,X,0.6119,0.2128
2zw1_A_0-56_V55S,TA12M,T12M,T12M,-2.5959,0.2999,65.22,X,7.2568,2.5236
2zw1_A_0-56_V55S,TA12L,T12L,T12L,-2.7078,0.188,65.22,X,7.2568,2.5236
2zw1_A_0-56_V55S,TA12V,T12V,T12V,-2.5914,0.3044,65.22,X,7.2568,2.5236
2zw1_A_0-56_V55S,TA12I,T12I,T12I,-2.5568,0.339,65.22,X,7.2568,2.5236
2zw1_A_0-56_V55S,TA12W,T12W,T12W,-3.1358,-0.24,65.22,X,7.2568,2.5236
2zw1_A_0-56_V55S,TA12Y,T12Y,T12Y,-3.3012,-0.4054,65.22,X,7.2568,2.5236
2zw1_A_0-56_V55S,TA12F,T12F,T12F,-3.2588,-0.3631,65.22,X,2.8524,0.992
2zw1_A_0-56_V55S,TA12P,T12P,T12P,-0.9095,1.9863,65.22,X,7.2568,2.5236
2zw1_A_0-56_V55S,LA13Q,L13Q,L13Q,-2.2082,0.6876,21.63,X,2.7787,2.1777
2zw1_A_0-56_V55S,LA13E,L13E,L13E,-2.0643,0.8315,21.63,X,6.4835,5.0812
2zw1_A_0-56_V55S,LA13N,L13N,L13N,-1.9932,0.9026,21.63,X,2.0791,1.6294
2zw1_A_0-56_V55S,LA13H,L13H,L13H,-3.2614,-0.3656,21.63,X,5.0372,3.9477
2zw1_A_0-56_V55S,LA13D,L13D,L13D,-1.4217,1.4741,21.63,X,6.4835,5.0812
2zw1_A_0-56_V55S,LA13R,L13R,L13R,-1.7727,1.1231,21.63,X,2.7787,2.1777
2zw1_A_0-56_V55S,LA13K,L13K,L13K,-2.4062,0.4896,21.63,X,0.1203,0.0943
2zw1_A_0-56_V55S,LA13T,L13T,L13T,-2.6041,0.2917,21.63,X,0.9728,0.7624
2zw1_A_0-56_V55S,LA13S,L13S,L13S,-2.2512,0.6446,21.63,X,6.4835,5.0812
2zw1_A_0-56_V55S,LA13A,L13A,L13A,-2.3012,0.5946,21.63,X,0.5797,0.4544
2zw1_A_0-56_V55S,LA13G,L13G,L13G,-2.0698,0.8259,21.63,X,6.4835,5.0812
2zw1_A_0-56_V55S,LA13M,L13M,L13M,-3.0522,-0.1564,21.63,X,6.4835,5.0812
2zw1_A_0-56_V55S,LA13V,L13V,L13V,-3.0567,-0.1609,21.63,X,6.4835,5.0812
2zw1_A_0-56_V55S,LA13I,L13I,L13I,-3.0732,-0.1774,21.63,X,6.4835,5.0812
2zw1_A_0-56_V55S,LA13W,L13W,L13W,-3.7379,-0.8422,21.63,X,6.4835,5.0812
2zw1_A_0-56_V55S,LA13Y,L13Y,L13Y,-4.5613,-1.6655,21.63,X,6.4835,5.0812
2zw1_A_0-56_V55S,LA13F,L13F,L13F,-4.5503,-1.6545,21.63,X,1.0263,0.8043
2zw1_A_0-56_V55S,LA13P,L13P,L13P,-0.9489,1.9469,21.63,X,6.4835,5.0812
2zw1_A_0-56_V55S,LA13C,L13C,L13C,-3.7857,-0.8899,21.63,X,6.4835,5.0812
2zw1_A_0-56_V55S,KA14Q,K14Q,K14Q,-2.8623,0.0335,63.84,B,2.3076,0.8344
2zw1_A_0-56_V55S,KA14E,K14E,K14E,-1.8015,1.0942,63.84,B,6.712,2.427
2zw1_A_0-56_V55S,KA14N,K14N,K14N,-2.2969,0.5989,63.84,B,0.0469,0.017
2zw1_A_0-56_V55S,KA14H,K14H,K14H,-2.5389,0.3569,63.84,B,6.712,2.427
2zw1_A_0-56_V55S,KA14D,K14D,K14D,-1.5197,1.3761,63.84,B,6.712,2.427
2zw1_A_0-56_V55S,KA14R,K14R,K14R,-2.8498,0.046,63.84,B,6.712,2.427
2zw1_A_0-56_V55S,KA14T,K14T,K14T,-2.6248,0.271,63.84,B,1.2013,0.4344
2zw1_A_0-56_V55S,KA14S,K14S,K14S,-2.6266,0.2692,63.84,B,1.2617,0.4562
2zw1_A_0-56_V55S,KA14A,K14A,K14A,-2.1506,0.7452,63.84,B,6.712,2.427
2zw1_A_0-56_V55S,KA14G,K14G,K14G,-1.7064,1.1893,63.84,B,6.712,2.427
2zw1_A_0-56_V55S,KA14M,K14M,K14M,-2.3676,0.5282,63.84,B,6.712,2.427
2zw1_A_0-56_V55S,KA14L,K14L,K14L,-2.0075,0.8882,63.84,B,6.712,2.427
2zw1_A_0-56_V55S,KA14V,K14V,K14V,-2.5981,0.2977,63.84,B,3.0072,1.0874
2zw1_A_0-56_V55S,KA14I,K14I,K14I,-2.5378,0.358,63.84,B,6.712,2.427
2zw1_A_0-56_V55S,KA14W,K14W,K14W,-2.6388,0.257,63.84,B,6.712,2.427
2zw1_A_0-56_V55S,KA14Y,K14Y,K14Y,-2.8977,-0.0019,63.84,B,6.712,2.427
2zw1_A_0-56_V55S,KA14F,K14F,K14F,-2.5405,0.3553,63.84,B,1.5816,0.5719
2zw1_A_0-56_V55S,KA14P,K14P,K14P,-1.2773,1.6185,63.84,B,6.712,2.427
2zw1_A_0-56_V55S,KA14C,K14C,K14C,-3.2116,-0.3158,63.84,B,6.712,2.427
2zw1_A_0-56_V55S,GA15Q,G15Q,G15Q,-3.0384,-0.1426,24.28,B,5.3003,4.0136
2zw1_A_0-56_V55S,GA15E,G15E,G15E,-2.8532,0.0426,24.28,B,3.9229,2.9706
2zw1_A_0-56_V55S,GA15N,G15N,G15N,-2.4196,0.4762,24.28,B,8.3273,6.3059
2zw1_A_0-56_V55S,GA15H,G15H,G15H,-3.2172,-0.3214,24.28,B,8.3273,6.3059
2zw1_A_0-56_V55S,GA15D,G15D,G15D,-2.6296,0.2662,24.28,B,8.3273,6.3059
2zw1_A_0-56_V55S,GA15R,G15R,G15R,-3.1449,-0.2492,24.28,B,8.3273,6.3059
2zw1_A_0-56_V55S,GA15K,G15K,G15K,-3.2665,-0.3707,24.28,B,8.3273,6.3059
2zw1_A_0-56_V55S,GA15T,G15T,G15T,-3.4241,-0.5283,24.28,B,8.3273,6.3059
2zw1_A_0-56_V55S,GA15S,G15S,G15S,-3.186,-0.2902,24.28,B,8.3273,6.3059
2zw1_A_0-56_V55S,GA15A,G15A,G15A,-3.3416,-0.4458,24.28,B,3.9229,2.9706
2zw1_A_0-56_V55S,GA15M,G15M,G15M,-3.7872,-0.8914,24.28,B,8.3273,6.3059
2zw1_A_0-56_V55S,GA15L,G15L,G15L,-4.0999,-1.2041,24.28,B,8.3273,6.3059
2zw1_A_0-56_V55S,GA15V,G15V,G15V,-3.6599,-0.7641,24.28,B,4.6225,3.5004
2zw1_A_0-56_V55S,GA15I,G15I,G15I,-4.0685,-1.1727,24.28,B,3.1969,2.4209
2zw1_A_0-56_V55S,GA15W,G15W,G15W,-4.0836,-1.1879,24.28,B,8.3273,6.3059
2zw1_A_0-56_V55S,GA15Y,G15Y,G15Y,-3.7239,-0.8281,24.28,B,3.9229,2.9706
2zw1_A_0-56_V55S,GA15F,G15F,G15F,-3.8412,-0.9454,24.28,B,4.1091,3.1116
2zw1_A_0-56_V55S,GA15P,G15P,G15P,-1.152,1.7438,24.28,B,8.3273,6.3059
2zw1_A_0-56_V55S,EA16Q,E16Q,E16Q,-2.5278,0.3679,60.13,B,5.9809,2.3847
2zw1_A_0-56_V55S,EA16N,E16N,E16N,-1.858,1.0378,60.13,B,7.1721,2.8597
2zw1_A_0-56_V55S,EA16H,E16H,E16H,-2.3136,0.5822,60.13,B,7.1721,2.8597
2zw1_A_0-56_V55S,EA16D,E16D,E16D,-1.5669,1.3289,60.13,B,2.7677,1.1036
2zw1_A_0-56_V55S,EA16R,E16R,E16R,-1.9604,0.9353,60.13,B,7.1721,2.8597
2zw1_A_0-56_V55S,EA16K,E16K,E16K,-1.9265,0.9693,60.13,B,5.892,2.3493
2zw1_A_0-56_V55S,EA16T,E16T,E16T,-2.7596,0.1362,60.13,B,0.9217,0.3675
2zw1_A_0-56_V55S,EA16S,E16S,E16S,-2.5206,0.3752,60.13,B,2.7677,1.1036
2zw1_A_0-56_V55S,EA16A,E16A,E16A,-2.2881,0.6077,60.13,B,0.9217,0.3675
2zw1_A_0-56_V55S,EA16G,E16G,E16G,-2.1214,0.7744,60.13,B,7.1721,2.8597
2zw1_A_0-56_V55S,EA16M,E16M,E16M,-2.6757,0.2201,60.13,B,7.1721,2.8597
2zw1_A_0-56_V55S,EA16L,E16L,E16L,-2.2028,0.6929,60.13,B,7.1721,2.8597
2zw1_A_0-56_V55S,EA16V,E16V,E16V,-2.8961,-0.0003,60.13,B,2.2851,0.9111
2zw1_A_0-56_V55S,EA16I,E16I,E16I,-2.7891,0.1067,60.13,B,7.1721,2.8597
2zw1_A_0-56_V55S,EA16W,E16W,E16W,-3.0887,-0.193,60.13,B,7.1721,2.8597
2zw1_A_0-56_V55S,EA16Y,E16Y,E16Y,-2.9657,-0.0699,60.13,B,5.1566,2.0561
2zw1_A_0-56_V55S,EA16F,E16F,E16F,-3.0614,-0.1656,60.13,B,7.1721,2.8597
2zw1_A_0-56_V55S,EA16P,E16P,E16P,-0.8739,2.0219,60.13,B,7.1721,2.8597
2zw1_A_0-56_V55S,EA16C,E16C,E16C,-3.445,-0.5493,60.13,B,7.1721,2.8597
2zw1_A_0-56_V55S,TA17Q,T17Q,T17Q,-2.1745,0.7213,27.93,B,8.2156,5.9214
2zw1_A_0-56_V55S,TA17E,T17E,T17E,-1.513,1.3828,27.93,B,8.2156,5.9214
2zw1_A_0-56_V55S,TA17N,T17N,T17N,-1.4405,1.4553,27.93,B,8.2156,5.9214
2zw1_A_0-56_V55S,TA17H,T17H,T17H,-3.1712,-0.2755,27.93,B,8.2156,5.9214
2zw1_A_0-56_V55S,TA17D,T17D,T17D,-0.6163,2.2795,27.93,B,8.2156,5.9214
2zw1_A_0-56_V55S,TA17R,T17R,T17R,-2.615,0.2807,27.93,B,8.2156,5.9214
2zw1_A_0-56_V55S,TA17K,T17K,T17K,-2.2807,0.6151,27.93,B,8.2156,5.9214
2zw1_A_0-56_V55S,TA17S,T17S,T17S,-2.2082,0.6876,27.93,B,3.0852,2.2237
2zw1_A_0-56_V55S,TA17A,T17A,T17A,-2.7177,0.1781,27.93,B,3.8112,2.7469
2zw1_A_0-56_V55S,TA17G,T17G,T17G,-1.1372,1.7585,27.93,B,8.2156,5.9214
2zw1_A_0-56_V55S,TA17M,T17M,T17M,-3.5208,-0.625,27.93,B,8.2156,5.9214
2zw1_A_0-56_V55S,TA17L,T17L,T17L,-3.525,-0.6292,27.93,B,3.7693,2.7167
2zw1_A_0-56_V55S,TA17V,T17V,T17V,-3.4396,-0.5438,27.93,B,4.5108,3.2512
2zw1_A_0-56_V55S,TA17I,T17I,T17I,-3.8099,-0.9141,27.93,B,3.6732,2.6474
2zw1_A_0-56_V55S,TA17W,T17W,T17W,-4.4494,-1.5536,27.93,B,8.2156,5.9214
2zw1_A_0-56_V55S,TA17Y,T17Y,T17Y,-4.3136,-1.4178,27.93,B,3.9974,2.8811
2zw1_A_0-56_V55S,TA17F,T17F,T17F,-4.4998,-1.604,27.93,B,3.8112,2.7469
2zw1_A_0-56_V55S,TA17P,T17P,T17P,-0.2024,2.6934,27.93,B,8.2156,5.9214
2zw1_A_0-56_V55S,TA17C,T17C,T17C,-3.8576,-0.9619,27.93,B,8.2156,5.9214
2zw1_A_0-56_V55S,TA18Q,T18Q,T18Q,-2.2919,0.6039,55.62,B,8.1574,3.6206
2zw1_A_0-56_V55S,TA18E,T18E,T18E,-2.2284,0.6674,55.62,B,3.027,1.3435
2zw1_A_0-56_V55S,TA18N,T18N,T18N,-1.6285,1.2673,55.62,B,3.753,1.6657
2zw1_A_0-56_V55S,TA18H,T18H,T18H,-2.316,0.5798,55.62,B,8.1574,3.6206
2zw1_A_0-56_V55S,TA18D,T18D,T18D,-1.2777,1.618,55.62,B,8.1574,3.6206
2zw1_A_0-56_V55S,TA18R,T18R,T18R,-2.0492,0.8466,55.62,B,8.1574,3.6206
2zw1_A_0-56_V55S,TA18K,T18K,T18K,-2.0399,0.8559,55.62,B,8.1574,3.6206
2zw1_A_0-56_V55S,TA18S,T18S,T18S,-2.5444,0.3514,55.62,B,2.9242,1.2979
2zw1_A_0-56_V55S,TA18A,T18A,T18A,-1.8195,1.0763,55.62,B,4.1383,1.8368
2zw1_A_0-56_V55S,TA18G,T18G,T18G,-0.7262,2.1696,55.62,B,8.1574,3.6206
2zw1_A_0-56_V55S,TA18M,T18M,T18M,-2.2337,0.6621,55.62,B,8.1574,3.6206
2zw1_A_0-56_V55S,TA18L,T18L,T18L,-2.1517,0.7441,55.62,B,3.753,1.6657
2zw1_A_0-56_V55S,TA18V,T18V,T18V,-2.2107,0.6851,55.62,B,8.1574,3.6206
2zw1_A_0-56_V55S,TA18I,T18I,T18I,-2.1184,0.7774,55.62,B,3.753,1.6657
2zw1_A_0-56_V55S,TA18W,T18W,T18W,-3.0849,-0.1892,55.62,B,8.1574,3.6206
2zw1_A_0-56_V55S,TA18Y,T18Y,T18Y,-3.0994,-0.2036,55.62,B,8.1574,3.6206
2zw1_A_0-56_V55S,TA18F,T18F,T18F,-2.9837,-0.088,55.62,B,8.1574,3.6206
2zw1_A_0-56_V55S,TA18P,T18P,T18P,-0.1468,2.7489,55.62,B,8.1574,3.6206
2zw1_A_0-56_V55S,TA18C,T18C,T18C,-2.6411,0.2547,55.62,B,8.1574,3.6206
2zw1_A_0-56_V55S,TA19Q,T19Q,T19Q,-1.4174,1.4783,19.97,B,7.0757,5.6627
2zw1_A_0-56_V55S,TA19E,T19E,T19E,-0.847,2.0488,19.97,B,7.0757,5.6627
2zw1_A_0-56_V55S,TA19N,T19N,T19N,-0.6504,2.2454,19.97,B,7.0757,5.6627
2zw1_A_0-56_V55S,TA19H,T19H,T19H,-1.9465,0.9493,19.97,B,7.0757,5.6627
2zw1_A_0-56_V55S,TA19D,T19D,T19D,-0.2579,2.6379,19.97,B,7.0757,5.6627
2zw1_A_0-56_V55S,TA19R,T19R,T19R,-1.266,1.6298,19.97,B,7.0757,5.6627
2zw1_A_0-56_V55S,TA19K,T19K,T19K,-0.6997,2.1961,19.97,B,2.2507,1.8012
2zw1_A_0-56_V55S,TA19S,T19S,T19S,-1.3307,1.5651,19.97,B,2.6713,2.1378
2zw1_A_0-56_V55S,TA19A,T19A,T19A,-2.0423,0.8535,19.97,B,2.6713,2.1378
2zw1_A_0-56_V55S,TA19G,T19G,T19G,-0.5585,2.3373,19.97,B,7.0757,5.6627
2zw1_A_0-56_V55S,TA19M,T19M,T19M,-2.7452,0.1506,19.97,B,7.0757,5.6627
2zw1_A_0-56_V55S,TA19L,T19L,T19L,-2.9884,-0.0926,19.97,B,7.0757,5.6627
2zw1_A_0-56_V55S,TA19V,T19V,T19V,-3.1931,-0.2973,19.97,B,0.4106,0.3286
2zw1_A_0-56_V55S,TA19I,T19I,T19I,-3.4025,-0.5068,19.97,B,4.3713,3.4984
2zw1_A_0-56_V55S,TA19W,T19W,T19W,-2.0461,0.8497,19.97,B,7.0757,5.6627
2zw1_A_0-56_V55S,TA19Y,T19Y,T19Y,-2.851,0.0448,19.97,B,1.5011,1.2013
2zw1_A_0-56_V55S,TA19F,T19F,T19F,-2.7217,0.1741,19.97,B,1.9453,1.5568
2zw1_A_0-56_V55S,TA19P,T19P,T19P,0.1027,2.9985,19.97,B,7.0757,5.6627
2zw1_A_0-56_V55S,TA19C,T19C,T19C,-3.4393,-0.5435,19.97,B,7.0757,5.6627
2zw1_A_0-56_V55S,EA20Q,E20Q,E20Q,-3.1983,-0.3025,59.52,B,2.5042,1.0137
2zw1_A_0-56_V55S,EA20N,E20N,E20N,-2.5472,0.3486,59.52,B,5.4623,2.2111
2zw1_A_0-56_V55S,EA20H,E20H,E20H,-2.4594,0.4363,59.52,B,6.9086,2.7966
2zw1_A_0-56_V55S,EA20D,E20D,E20D,-2.4505,0.4453,59.52,B,2.5042,1.0137
2zw1_A_0-56_V55S,EA20R,E20R,E20R,-3.0763,-0.1805,59.52,B,6.9086,2.7966
2zw1_A_0-56_V55S,EA20K,E20K,E20K,-2.932,-0.0362,59.52,B,-0.649,-0.2627
2zw1_A_0-56_V55S,EA20T,E20T,E20T,-2.8512,0.0446,59.52,B,2.422,0.9804
2zw1_A_0-56_V55S,EA20S,E20S,E20S,-2.5527,0.3431,59.52,B,6.9086,2.7966
2zw1_A_0-56_V55S,EA20A,E20A,E20A,-2.4553,0.4405,59.52,B,2.5042,1.0137
2zw1_A_0-56_V55S,EA20G,E20G,E20G,-1.3296,1.5662,59.52,B,6.9086,2.7966
2zw1_A_0-56_V55S,EA20M,E20M,E20M,-3.2544,-0.3586,59.52,B,6.9086,2.7966
2zw1_A_0-56_V55S,EA20L,E20L,E20L,-3.3101,-0.4143,59.52,B,6.9086,2.7966
2zw1_A_0-56_V55S,EA20V,E20V,E20V,-3.1343,-0.2385,59.52,B,6.9086,2.7966
2zw1_A_0-56_V55S,EA20I,E20I,E20I,-3.0298,-0.134,59.52,B,6.9086,2.7966
2zw1_A_0-56_V55S,EA20W,E20W,E20W,-2.8557,0.0401,59.52,B,6.9086,2.7966
2zw1_A_0-56_V55S,EA20Y,E20Y,E20Y,-2.8115,0.0843,59.52,B,6.9086,2.7966
2zw1_A_0-56_V55S,EA20F,E20F,E20F,-2.796,0.0998,59.52,B,6.9086,2.7966
2zw1_A_0-56_V55S,EA20P,E20P,E20P,-1.5592,1.3365,59.52,B,6.9086,2.7966
2zw1_A_0-56_V55S,EA20C,E20C,E20C,-3.1181,-0.2223,59.52,B,5.6747,2.2971
2zw1_A_0-56_V55S,AA21Q,A21Q,A21Q,-1.7905,1.1053,2.81,B,9.6228,9.3525
2zw1_A_0-56_V55S,AA21E,A21E,A21E,-0.9124,1.9834,2.81,B,9.6228,9.3525
2zw1_A_0-56_V55S,AA21N,A21N,A21N,-0.2933,2.6025,2.81,B,9.6228,9.3525
2zw1_A_0-56_V55S,AA21H,A21H,A21H,0.0182,2.9139,2.81,B,9.6228,9.3525
2zw1_A_0-56_V55S,AA21D,A21D,A21D,-0.0443,2.8515,2.81,B,9.6228,9.3525
2zw1_A_0-56_V55S,AA21R,A21R,A21R,-0.3567,2.5391,2.81,B,9.6228,9.3525
2zw1_A_0-56_V55S,AA21K,A21K,A21K,-0.176,2.7198,2.81,B,9.6228,9.3525
2zw1_A_0-56_V55S,AA21T,A21T,A21T,-1.2449,1.6509,2.81,B,5.181,5.0355
2zw1_A_0-56_V55S,AA21S,A21S,A21S,-1.8196,1.0762,2.81,B,5.2184,5.0718
2zw1_A_0-56_V55S,AA21G,A21G,A21G,-0.6485,2.2473,2.81,B,9.6228,9.3525
2zw1_A_0-56_V55S,AA21M,A21M,A21M,-0.3694,2.5264,2.81,B,9.6228,9.3525
2zw1_A_0-56_V55S,AA21L,A21L,A21L,-0.023,2.8728,2.81,B,5.2184,5.0718
2zw1_A_0-56_V55S,AA21V,A21V,A21V,-0.9049,1.9909,2.81,B,9.6228,9.3525
2zw1_A_0-56_V55S,AA21I,A21I,A21I,-0.2368,2.659,2.81,B,9.6228,9.3525
2zw1_A_0-56_V55S,AA21W,A21W,A21W,-0.4733,2.4225,2.81,B,9.6228,9.3525
2zw1_A_0-56_V55S,AA21Y,A21Y,A21Y,-0.24,2.6558,2.81,B,9.6228,9.3525
2zw1_A_0-56_V55S,AA21F,A21F,A21F,-1.1803,1.7155,2.81,B,9.6228,9.3525
2zw1_A_0-56_V55S,AA21P,A21P,A21P,0.048,2.9437,2.81,B,9.6228,9.3525
2zw1_A_0-56_V55S,AA21C,A21C,A21C,-1.9676,0.9281,2.81,B,9.6228,9.3525
2zw1_A_0-56_V55S,VA22Q,V22Q,V22Q,-2.7022,0.1936,54.82,X,7.2696,3.2841
2zw1_A_0-56_V55S,VA22E,V22E,V22E,-2.7653,0.1305,54.82,X,2.8652,1.2944
2zw1_A_0-56_V55S,VA22N,V22N,V22N,-2.3487,0.5471,54.82,X,7.2696,3.2841
2zw1_A_0-56_V55S,VA22H,V22H,V22H,-2.586,0.3097,54.82,X,7.2696,3.2841
2zw1_A_0-56_V55S,VA22D,V22D,V22D,-1.933,0.9628,54.82,X,7.2696,3.2841
2zw1_A_0-56_V55S,VA22R,V22R,V22R,-2.8837,0.012,54.82,X,7.2696,3.2841
2zw1_A_0-56_V55S,VA22K,V22K,V22K,-2.9241,-0.0283,54.82,X,2.8652,1.2944
2zw1_A_0-56_V55S,VA22T,V22T,V22T,-2.6971,0.1987,54.82,X,1.695,0.7657
2zw1_A_0-56_V55S,VA22S,V22S,V22S,-2.7037,0.1921,54.82,X,1.5761,0.712
2zw1_A_0-56_V55S,VA22A,V22A,V22A,-2.952,-0.0562,54.82,X,2.1392,0.9664
2zw1_A_0-56_V55S,VA22G,V22G,V22G,-2.2868,0.609,54.82,X,2.8652,1.2944
2zw1_A_0-56_V55S,VA22M,V22M,V22M,-2.8588,0.037,54.82,X,7.2696,3.2841
2zw1_A_0-56_V55S,VA22L,V22L,V22L,-2.7393,0.1565,54.82,X,3.5648,1.6104
2zw1_A_0-56_V55S,VA22I,V22I,V22I,-2.9444,-0.0486,54.82,X,2.3177,1.0471
2zw1_A_0-56_V55S,VA22W,V22W,V22W,-2.8137,0.0821,54.82,X,7.2696,3.2841
2zw1_A_0-56_V55S,VA22Y,V22Y,V22Y,-2.8784,0.0174,54.82,X,7.2696,3.2841
2zw1_A_0-56_V55S,VA22F,V22F,V22F,-2.7482,0.1476,54.82,X,7.2696,3.2841
2zw1_A_0-56_V55S,VA22P,V22P,V22P,-3.543,-0.6472,54.82,X,2.1392,0.9664
2zw1_A_0-56_V55S,VA22C,V22C,V22C,-2.7172,0.1785,54.82,X,7.2696,3.2841
2zw1_A_0-56_V55S,DA23Q,D23Q,D23Q,-0.5249,2.3709,28.83,X,7.4873,5.329
2zw1_A_0-56_V55S,DA23E,D23E,D23E,-0.9357,1.9601,28.83,X,7.4873,5.329
2zw1_A_0-56_V55S,DA23N,D23N,D23N,-2.3403,0.5555,28.83,X,1.5835,1.1271
2zw1_A_0-56_V55S,DA23H,D23H,D23H,-0.7917,2.1041,28.83,X,7.4873,5.329
2zw1_A_0-56_V55S,DA23R,D23R,D23R,-0.2966,2.5992,28.83,X,7.4873,5.329
2zw1_A_0-56_V55S,DA23K,D23K,D23K,-0.4311,2.4647,28.83,X,7.4873,5.329
2zw1_A_0-56_V55S,DA23T,D23T,D23T,-1.4649,1.4309,28.83,X,3.0829,2.1942
2zw1_A_0-56_V55S,DA23S,D23S,D23S,-2.0678,0.828,28.83,X,0.6423,0.4572
2zw1_A_0-56_V55S,DA23A,D23A,D23A,-0.7101,2.1857,28.83,X,7.4873,5.329
2zw1_A_0-56_V55S,DA23G,D23G,D23G,-0.8541,2.0417,28.83,X,3.0829,2.1942
2zw1_A_0-56_V55S,DA23M,D23M,D23M,-0.5582,2.3376,28.83,X,7.4873,5.329
2zw1_A_0-56_V55S,DA23L,D23L,D23L,-0.7194,2.1764,28.83,X,7.4873,5.329
2zw1_A_0-56_V55S,DA23V,D23V,D23V,-0.2777,2.6181,28.83,X,7.4873,5.329
2zw1_A_0-56_V55S,DA23I,D23I,D23I,-0.3141,2.5817,28.83,X,7.4873,5.329
2zw1_A_0-56_V55S,DA23W,D23W,D23W,-0.3531,2.5427,28.83,X,7.4873,5.329
2zw1_A_0-56_V55S,DA23Y,D23Y,D23Y,-0.5603,2.3355,28.83,X,7.4873,5.329
2zw1_A_0-56_V55S,DA23F,D23F,D23F,-0.5039,2.3919,28.83,X,7.4873,5.329
2zw1_A_0-56_V55S,DA23P,D23P,D23P,0.0711,2.9669,28.83,X,7.4873,5.329
2zw1_A_0-56_V55S,DA23C,D23C,D23C,-1.3298,1.566,28.83,X,7.4873,5.329
2zw1_A_0-56_V55S,AA24Q,A24Q,A24Q,-2.3741,0.5217,21.18,A,7.7624,6.1185
2zw1_A_0-56_V55S,AA24E,A24E,A24E,-2.034,0.8618,21.18,A,7.7624,6.1185
2zw1_A_0-56_V55S,AA24N,A24N,A24N,-1.0406,1.8552,21.18,A,7.7624,6.1185
2zw1_A_0-56_V55S,AA24H,A24H,A24H,-1.9719,0.9238,21.18,A,5.6708,4.4698
2zw1_A_0-56_V55S,AA24D,A24D,A24D,-1.3189,1.5768,21.18,A,7.7624,6.1185
2zw1_A_0-56_V55S,AA24R,A24R,A24R,-2.5368,0.359,21.18,A,7.7624,6.1185
2zw1_A_0-56_V55S,AA24K,A24K,A24K,-2.7306,0.1651,21.18,A,2.1878,1.7245
2zw1_A_0-56_V55S,AA24T,A24T,A24T,-1.8246,1.0712,21.18,A,3.3025,2.6031
2zw1_A_0-56_V55S,AA24S,A24S,A24S,-2.1031,0.7926,21.18,A,3.358,2.6468
2zw1_A_0-56_V55S,AA24G,A24G,A24G,-1.0031,1.8927,21.18,A,7.7624,6.1185
2zw1_A_0-56_V55S,AA24M,A24M,A24M,-2.6283,0.2675,21.18,A,7.7624,6.1185
2zw1_A_0-56_V55S,AA24L,A24L,A24L,-2.3288,0.567,21.18,A,4.0576,3.1983
2zw1_A_0-56_V55S,AA24V,A24V,A24V,-2.6549,0.2409,21.18,A,2.1878,1.7245
2zw1_A_0-56_V55S,AA24I,A24I,A24I,-2.2258,0.67,21.18,A,3.358,2.6468
2zw1_A_0-56_V55S,AA24W,A24W,A24W,-2.97,-0.0742,21.18,A,7.7624,6.1185
2zw1_A_0-56_V55S,AA24Y,A24Y,A24Y,-2.8895,0.0063,21.18,A,7.7624,6.1185
2zw1_A_0-56_V55S,AA24F,A24F,A24F,-2.8837,0.0121,21.18,A,7.7624,6.1185
2zw1_A_0-56_V55S,AA24P,A24P,A24P,-2.4479,0.4479,21.18,A,2.2516,1.7748
2zw1_A_0-56_V55S,AA24C,A24C,A24C,-3.0892,-0.1934,21.18,A,7.7624,6.1185
2zw1_A_0-56_V55S,AA25Q,A25Q,A25Q,-2.6487,0.247,43.51,A,6.9396,3.9205
2zw1_A_0-56_V55S,AA25E,A25E,A25E,-2.7791,0.1167,43.51,A,-0.4595,-0.2596
2zw1_A_0-56_V55S,AA25N,A25N,A25N,-2.1634,0.7324,43.51,A,6.9396,3.9205
2zw1_A_0-56_V55S,AA25H,A25H,A25H,-2.3682,0.5276,43.51,A,6.9396,3.9205
2zw1_A_0-56_V55S,AA25D,A25D,A25D,-2.4074,0.4884,43.51,A,1.8092,1.0221
2zw1_A_0-56_V55S,AA25R,A25R,A25R,-2.4701,0.4257,43.51,A,6.9396,3.9205
2zw1_A_0-56_V55S,AA25K,A25K,A25K,-2.597,0.2988,43.51,A,6.9396,3.9205
2zw1_A_0-56_V55S,AA25T,A25T,A25T,-2.4162,0.4796,43.51,A,6.9396,3.9205
2zw1_A_0-56_V55S,AA25S,A25S,A25S,-2.3416,0.5542,43.51,A,6.9396,3.9205
2zw1_A_0-56_V55S,AA25G,A25G,A25G,-2.2085,0.6872,43.51,A,1.8092,1.0221
2zw1_A_0-56_V55S,AA25M,A25M,A25M,-2.519,0.3768,43.51,A,6.9396,3.9205
2zw1_A_0-56_V55S,AA25L,A25L,A25L,-2.5492,0.3466,43.51,A,6.9396,3.9205
2zw1_A_0-56_V55S,AA25V,A25V,A25V,-2.392,0.5038,43.51,A,2.5352,1.4323
2zw1_A_0-56_V55S,AA25I,A25I,A25I,-2.6235,0.2723,43.51,A,6.9396,3.9205
2zw1_A_0-56_V55S,AA25W,A25W,A25W,-2.4198,0.476,43.51,A,6.9396,3.9205
2zw1_A_0-56_V55S,AA25Y,A25Y,A25Y,-2.4766,0.4192,43.51,A,6.9396,3.9205
2zw1_A_0-56_V55S,AA25F,A25F,A25F,-2.4676,0.4282,43.51,A,2.5352,1.4323
2zw1_A_0-56_V55S,AA25P,A25P,A25P,-2.2142,0.6816,43.51,A,6.9396,3.9205
2zw1_A_0-56_V55S,AA25C,A25C,A25C,-2.9565,-0.0607,43.51,A,6.9396,3.9205
2zw1_A_0-56_V55S,TA26Q,T26Q,T26Q,-2.8236,0.0722,38.84,A,1.9907,1.2174
2zw1_A_0-56_V55S,TA26E,T26E,T26E,-3.0097,-0.1139,38.84,A,0.6226,0.3808
2zw1_A_0-56_V55S,TA26N,T26N,T26N,-2.0907,0.8051,38.84,A,7.1211,4.3549
2zw1_A_0-56_V55S,TA26H,T26H,T26H,-2.9015,-0.0057,38.84,A,7.1211,4.3549
2zw1_A_0-56_V55S,TA26D,T26D,T26D,-2.4299,0.4658,38.84,A,2.7167,1.6614
2zw1_A_0-56_V55S,TA26R,T26R,T26R,-1.6612,1.2346,38.84,A,2.7167,1.6614
2zw1_A_0-56_V55S,TA26K,T26K,T26K,-1.4888,1.407,38.84,A,7.1211,4.3549
2zw1_A_0-56_V55S,TA26S,T26S,T26S,-2.9137,-0.0179,38.84,A,7.1211,4.3549
2zw1_A_0-56_V55S,TA26A,T26A,T26A,-3.1638,-0.2681,38.84,A,1.5465,0.9458
2zw1_A_0-56_V55S,TA26G,T26G,T26G,-2.1216,0.7742,38.84,A,7.1211,4.3549
2zw1_A_0-56_V55S,TA26M,T26M,T26M,-2.6934,0.2024,38.84,A,7.1211,4.3549
2zw1_A_0-56_V55S,TA26L,T26L,T26L,-1.5272,1.3686,38.84,A,1.9907,1.2174
2zw1_A_0-56_V55S,TA26V,T26V,T26V,-1.9435,0.9523,38.84,A,4.0941,2.5038
2zw1_A_0-56_V55S,TA26I,T26I,T26I,-1.9224,0.9734,38.84,A,2.7167,1.6614
2zw1_A_0-56_V55S,TA26W,T26W,T26W,-2.0074,0.8884,38.84,A,7.1211,4.3549
2zw1_A_0-56_V55S,TA26Y,T26Y,T26Y,-2.0353,0.8605,38.84,A,7.1211,4.3549
2zw1_A_0-56_V55S,TA26F,T26F,T26F,-1.9745,0.9213,38.84,A,7.1211,4.3549
2zw1_A_0-56_V55S,TA26P,T26P,T26P,0.1425,3.0383,38.84,A,7.1211,4.3549
2zw1_A_0-56_V55S,TA26C,T26C,T26C,-2.0276,0.8682,38.84,A,7.1211,4.3549
2zw1_A_0-56_V55S,AA27Q,A27Q,A27Q,0.1465,3.0423,0,A,12.0854,12.0854
2zw1_A_0-56_V55S,AA27E,A27E,A27E,0.2979,3.1936,0,A,12.0854,12.0854
2zw1_A_0-56_V55S,AA27N,A27N,A27N,0.1645,3.0603,0,A,12.0854,12.0854
2zw1_A_0-56_V55S,AA27H,A27H,A27H,-0.138,2.7578,0,A,12.0854,12.0854
2zw1_A_0-56_V55S,AA27D,A27D,A27D,0.1999,3.0957,0,A,12.0854,12.0854
2zw1_A_0-56_V55S,AA27R,A27R,A27R,0.1848,3.0806,0,A,12.0854,12.0854
2zw1_A_0-56_V55S,AA27K,A27K,A27K,-0.096,2.7998,0,A,12.0854,12.0854
2zw1_A_0-56_V55S,AA27T,A27T,A27T,0.2903,3.1861,0,A,12.0854,12.0854
2zw1_A_0-56_V55S,AA27S,A27S,A27S,-0.1097,2.7861,0,A,12.0854,12.0854
2zw1_A_0-56_V55S,AA27G,A27G,A27G,0.2554,3.1512,0,A,12.0854,12.0854
2zw1_A_0-56_V55S,AA27M,A27M,A27M,-0.187,2.7088,0,A,12.0854,12.0854